<?xml version="1.0" encoding="utf-8"?>
<feed xmlns="http://www.w3.org/2005/Atom">
  <title>ME&amp;怡</title>
  
  <subtitle>爱情那点事</subtitle>
  <link href="/atom.xml" rel="self"/>
  
  <link href="http://yoursite.com/"/>
  <updated>2019-10-11T16:41:47.336Z</updated>
  <id>http://yoursite.com/</id>
  
  <author>
    <name>CinyeeLiu</name>
    
  </author>
  
  <generator uri="http://hexo.io/">Hexo</generator>
  
  <entry>
    <title>V-ray 渲染木模型材质</title>
    <link href="http://yoursite.com/2019/10/10/V-ray-%E6%B8%B2%E6%9F%93%E6%9C%A8%E6%A8%A1%E5%9E%8B%E6%9D%90%E8%B4%A8/"/>
    <id>http://yoursite.com/2019/10/10/V-ray-渲染木模型材质/</id>
    <published>2019-10-10T15:30:11.000Z</published>
    <updated>2019-10-11T16:41:47.336Z</updated>
    
    <content type="html"><![CDATA[<h1 id="V-ray-渲染激光切割木模型"><a href="#V-ray-渲染激光切割木模型" class="headerlink" title="V-ray 渲染激光切割木模型"></a>V-ray 渲染激光切割木模型</h1><p>在出表现图的时候经常会遇到需要贴模型照片，但是模型在交图之前可能还没有。所以为了投机取巧，</p><ul><li>可以第二天贴模型照片，这样的效果更好，但是图面整体性不好</li><li>用v-ray附上木头材质渲染出模型效果</li></ul><p>这里主要讲第二种方法。</p><h2 id="准备工作"><a href="#准备工作" class="headerlink" title="准备工作"></a>准备工作</h2><p>软件：<code>sketchup 2019</code> <code>V-ary for su 4.0</code></p><ul><li>首先得有一个打板用的模型，全部炸开选中为默认图层，删除其他所有图层</li><li>新建两个图层：<strong>正面</strong> 和 <strong>侧面</strong>，因为木板材激光切割打出来侧面是烧焦的黑色</li><li>一个个的选中你模型的侧面放在侧面图层，选中剩下的放在正面图层</li><li>接下来就是选择合适的材质以及调节参数</li><li>打开vray,调出vray资源管理器</li><li>在左边材质-<code>wood &amp; laminate</code>里找到<code>laminate A02 120cm</code>这个材质,拖入资源管理器 <img alt data-src="https://blog-1300344724.cos.ap-chengdu.myqcloud.com/img/Snipaste_2019-10-12_00-18-39.png" class="lozad"></li><li>打开<code>laminate A02 120cm</code>这个材质在<code>通用</code>-<code>VRayBRDF</code>-<code>漫反射</code>里面找到一个<strong>田</strong>字的图案（叫纹理插槽）<img alt data-src="https://blog-1300344724.cos.ap-chengdu.myqcloud.com/img/Snipaste_2019-10-12_00-23-50.png" class="lozad"></li><li>右键<code>套嵌</code>-<code>颜色校正</code>（老版本也可以剪切）<img alt data-src="https://blog-1300344724.cos.ap-chengdu.myqcloud.com/img/Snipaste_2019-10-12_00-24-37.png" class="lozad"></li><li>在<code>颜色校正</code>里面调节<code>颜色/输入</code> <code>亮度</code> <code>对比度</code><strong>等等</strong>参数，正面亮度较高，侧面烧焦的亮度低。<img alt data-src="https://blog-1300344724.cos.ap-chengdu.myqcloud.com/img/Snipaste_2019-10-12_00-29-19.png" class="lozad"></li><li>回到材质最开始的界面,调节<code>漫反射</code>，和<code>反射</code>里面的<code>反射光泽度</code>，烧焦的侧面光泽度稍微高一些，正面和侧面反射都很低<img alt data-src="https://blog-1300344724.cos.ap-chengdu.myqcloud.com/img/Snipaste_2019-10-12_00-29-32.png" class="lozad"></li><li>复制这个调好的材质，然后调节第二个面（正面或者侧面）其他各种参数调节可以慢慢试，我只试了这些。</li><li>下面是效果图<br><img alt data-src="https://blog-1300344724.cos.ap-chengdu.myqcloud.com/img/vary_for_su_model1.png" class="lozad"><br><img alt data-src="https://blog-1300344724.cos.ap-chengdu.myqcloud.com/img/4.png" class="lozad"><br><img alt data-src="https://blog-1300344724.cos.ap-chengdu.myqcloud.com/img/2.png" class="lozad"></li></ul>]]></content>
    
    <summary type="html">
    
      
      
        &lt;h1 id=&quot;V-ray-渲染激光切割木模型&quot;&gt;&lt;a href=&quot;#V-ray-渲染激光切割木模型&quot; class=&quot;headerlink&quot; title=&quot;V-ray 渲染激光切割木模型&quot;&gt;&lt;/a&gt;V-ray 渲染激光切割木模型&lt;/h1&gt;&lt;p&gt;在出表现图的时候经常会遇到需要贴模型
      
    
    </summary>
    
    
  </entry>
  
  <entry>
    <title>hexo博客+picgo图床插件+腾讯云COS实现图床</title>
    <link href="http://yoursite.com/2019/09/29/%E8%85%BE%E8%AE%AF%E4%BA%91COS%E5%AE%9E%E7%8E%B0%E5%9B%BE%E5%BA%8A/"/>
    <id>http://yoursite.com/2019/09/29/腾讯云COS实现图床/</id>
    <published>2019-09-29T08:11:55.000Z</published>
    <updated>2019-09-29T09:08:50.869Z</updated>
    
    <content type="html"><![CDATA[<h1 id="图床选择"><a href="#图床选择" class="headerlink" title="图床选择"></a>图床选择</h1><h2 id="折腾过程"><a href="#折腾过程" class="headerlink" title="折腾过程"></a>折腾过程</h2><p>建立好hexo博客后，写博客的需求需要使用上传的图片，十分麻烦。建立一个图床可以使本地的图片直接传到云端保存，既有序方便又安全,加载图片的速度也比github强很多了。</p><h2 id="七牛云图床"><a href="#七牛云图床" class="headerlink" title="七牛云图床"></a>七牛云图床</h2><p>网上很多人推荐七牛云图床，我第一个尝试的也是七牛云，这个图床现在必须要绑定域名才能生成外链，而我为此买了一个域名（<del>七牛云有临时域名只能用三个月）</del>，绑定的时候又说必须要备案，我又去备案，结果备案至少需要一个服务器，我看了看服务器的价格，算了吧，还是找找其他的图床</p><h2 id="腾讯云COS"><a href="#腾讯云COS" class="headerlink" title="腾讯云COS"></a>腾讯云COS</h2><p>其实图床还有很多，但是相对来说安全性不是很高，腾讯云还是疼靠谱的，前6个月免费50G的空间，后面的收费对于这种博客，基本等于不要钱。<br>创建一个储存桶，公共，就相当于一个网盘，然后就可以往里面放图片了。</p><h1 id="图床插件Picgo"><a href="#图床插件Picgo" class="headerlink" title="图床插件Picgo"></a>图床插件Picgo</h1><p>这个是我要强烈安利的一个图床插件<a href="https://github.com/Molunerfinn/PicGo" target="_blank" rel="noopener">Picgo</a>，win，mac和linux都有。</p><blockquote><p>PicGo 在上传图片之后自动会将图片链接复制到你的剪贴板里，可选 5 种复制的链接格式。</p></blockquote><p>PicGo 目前支持了</p><pre><code>微博图床 v1.0 微博图床从 2019 年 4 月开始进行防盗链，不建议继续使用七牛图床 v1.0腾讯云 COS v4\v5版本 v1.1 &amp; v1.5.0又拍云 v1.2.0GitHub v1.5.0SM.MS v1.5.1阿里云 OSS v1.6.0Imgur v1.6.0</code></pre><p>设置好之后，我在mac环境下直接把图片拖到上方的Picgo图标就能直接上传，上传前还支持改名，然后链接直接返回到你的剪切板。</p><h1 id="后记"><a href="#后记" class="headerlink" title="后记"></a>后记</h1><p>目前使用起来十分方便</p>]]></content>
    
    <summary type="html">
    
      
      
        &lt;h1 id=&quot;图床选择&quot;&gt;&lt;a href=&quot;#图床选择&quot; class=&quot;headerlink&quot; title=&quot;图床选择&quot;&gt;&lt;/a&gt;图床选择&lt;/h1&gt;&lt;h2 id=&quot;折腾过程&quot;&gt;&lt;a href=&quot;#折腾过程&quot; class=&quot;headerlink&quot; title=&quot;折腾过程&quot;&gt;&lt;/a
      
    
    </summary>
    
      <category term="技术" scheme="http://yoursite.com/categories/%E6%8A%80%E6%9C%AF/"/>
    
      <category term="hexo" scheme="http://yoursite.com/categories/%E6%8A%80%E6%9C%AF/hexo/"/>
    
      <category term="学习" scheme="http://yoursite.com/categories/%E6%8A%80%E6%9C%AF/hexo/%E5%AD%A6%E4%B9%A0/"/>
    
    
      <category term="技术" scheme="http://yoursite.com/tags/%E6%8A%80%E6%9C%AF/"/>
    
      <category term="hexo" scheme="http://yoursite.com/tags/hexo/"/>
    
  </entry>
  
  <entry>
    <title>xps9360完美黑苹果</title>
    <link href="http://yoursite.com/2019/09/25/xps9360%E5%AE%8C%E7%BE%8E%E9%BB%91%E8%8B%B9%E6%9E%9C/"/>
    <id>http://yoursite.com/2019/09/25/xps9360完美黑苹果/</id>
    <published>2019-09-25T01:13:44.000Z</published>
    <updated>2019-09-29T09:07:48.589Z</updated>
    
    <content type="html"><![CDATA[<h1 id="前言"><a href="#前言" class="headerlink" title="前言"></a>前言</h1><p>之前把我的雷神游戏本卖掉了买了这个二手的xps9360 就是想着这个本子可以黑苹果。</p><h1 id="准备工作"><a href="#准备工作" class="headerlink" title="准备工作"></a>准备工作</h1><blockquote><p><em>参考的文章：</em><br><a href="https://github.com/0xHJK/XPS13-9360-i5-8250U-macOS" target="_blank" rel="noopener">Hackintosh macOS Mojave 10.14 on XPS13-9360 黑苹果10.14安装配置及教程</a>.    <strong>主要参考(机型一模一样)</strong></p><p><a href="https://post.smzdm.com/p/awxl46lm/" target="_blank" rel="noopener">黑苹果从入门到精通 篇七：XPS 9360完美黑果实战</a></p><p><a href="https://github.com/the-darkvoid/XPS9360-macOS" target="_blank" rel="noopener">macOS Mojave on Dell XPS 9360</a></p><p><a href="http://www.miui.com/thread-11363672-1-1.html" target="_blank" rel="noopener">【老司机引路】小米笔记本pro Win10+黑苹果macOS 10.13.6双系统</a></p><p><a href="http://www.miui.com/forum.php?mod=viewthread&tid=7601066&extra=page=1&mobile=2" target="_blank" rel="noopener"> 小米笔记本Air 13.3 Win10+黑苹果macOS Sierra10.12.3安装教程    </a></p><p><em>无限网卡选择以及驱动参考(笔记本能更换或扩展网卡)</em><br><a href="https://post.smzdm.com/p/a83d937n/" target="_blank" rel="noopener">黑苹果从入门到精通 篇五：选择并驱动黑苹果的有线/无线网卡及蓝牙</a><br><a href="https://www.itpwd.com/330.html" target="_blank" rel="noopener">黑苹果建议的无线网卡</a><br><a href="https://github.com/ameeno/DELL-DW1820A-Drivers/tree/master/MacOS%20(Hackintosh)" target="_blank" rel="noopener">dw1820a无限网卡驱动_ameeno</a><br><a href="https://blog.daliansky.net/DW1820A_BCM94350ZAE-driver-inserts-the-correct-posture.html" target="_blank" rel="noopener">dw1820a无限网卡驱动_黑果小兵</a></p></blockquote><a id="more"></a><h1 id="过程"><a href="#过程" class="headerlink" title="过程"></a>过程</h1><blockquote><p>环境:<code>Windows 10</code><br>软件: <code>TransMac</code> <code>Diskgenius</code> <code>Clover Configuration(macos)</code><br>材料: <code>大于8G u盘一个</code> <code>xps9360 i5-8250u 8g 1080p笔记本一个</code></p></blockquote><h2 id="安装macos"><a href="#安装macos" class="headerlink" title="安装macos"></a>安装macos</h2><ul><li>给硬盘分一个区装苹果系统</li><li>找到你机型或者相似的<code>clover efi</code>文件</li><li>从黑果小兵下载10.15的mojave镜像，通过transmac写入到u盘里</li><li>将U盘里的<code>efi</code>文件替换为你下载的（用<code>diskgenius</code>替换，其实是clover）</li><li>同样将<code>efi</code>文件放入你硬盘的efi文件夹里</li><li>重启按照教程改一通bios</li><li>然后从u盘启动，进入clover</li><li><code>xps9360</code> 还多一步就是通过clover的<code>Shell64U.efi</code>，启动<code>DVMT.efi</code>，使用<code>DVMT.efi</code>修改一些BIOS选项，因为bios不支持<code>CFG_LOCK</code>修改</li><li>然后我改了之后就黑屏了，连BIOS都进不去，还好这个xps还在保修期内，体验了一把戴尔的上门售后服务，相当不错。</li><li>我总结了一下应该是我bios是最新版的缘故，降级为<code>2.9.1</code>后，我犹豫要不要继续整，还是继续修改了<code>BIOS</code>好在这次没有挂</li><li>BIOS改好之后，进入<code>clover</code>单击<code>install macOS</code>读条，我一次过了，因为有大佬帮我做好了efi。一般来说要打开啰嗦模式-v跑代码看卡在哪里，然后网上扒论坛解决。</li><li>然后就是正常的苹果系统安装过程，中间会重启一次，之后就进去苹果系统了。使用<code>Clover Configuration</code>软件，按照教程注入三码，解决耳机不发声问题，触摸板问题，开启<code>hidpi</code>,按照教程走了一遍，都没有问题</li></ul><p>这个机型教程多让我方便了不少。现在除了不能上网基本就是可以用的了。</p><h2 id="更换网卡实现完美黑苹果"><a href="#更换网卡实现完美黑苹果" class="headerlink" title="更换网卡实现完美黑苹果"></a>更换网卡实现完美黑苹果</h2><p>现在黑苹果把一些很便宜的网卡全炒起来了，最佳选择<code>dw1560</code>本来几十块现在两三百<br>所以我选择了dw1820a,只要70块，原来其实更便宜的，这个网卡小毛病多。<br>我拆机拆下来xps9360原装的killer网卡，换上了买的dw1820a</p><ul><li>开始我以为打windows驱动会很容易，结果搞了半天，一直有个感叹号，要么就卡死，最后在某一次卸了重装之后就好了</li><li>然后打macos的驱动参考两篇教程，把下载的驱动全放到\kexts\others目录,再用<code>Clover Configuration</code>按照教程来一遍，遇到了很多问题，用控制变量法一一测试，最后解决</li><li>macos网卡驱动打上了，打开<code>wifi</code>用不了一会卡死了，然后我网上扒帖子，最后拆机用透明胶带屏蔽了<code>dw1820a</code>的针脚，现已解决这个问题</li></ul><h1 id="后记"><a href="#后记" class="headerlink" title="后记"></a>后记</h1><p>折腾黑苹果是真的麻烦，我这个机型有相当完善的教程我都搞得经历憔悴，不过折腾过后还是值得的，目前除了网卡蓝牙睡眠唤醒后不能打开，其他都是完美的。</p>]]></content>
    
    <summary type="html">
    
      &lt;h1 id=&quot;前言&quot;&gt;&lt;a href=&quot;#前言&quot; class=&quot;headerlink&quot; title=&quot;前言&quot;&gt;&lt;/a&gt;前言&lt;/h1&gt;&lt;p&gt;之前把我的雷神游戏本卖掉了买了这个二手的xps9360 就是想着这个本子可以黑苹果。&lt;/p&gt;
&lt;h1 id=&quot;准备工作&quot;&gt;&lt;a href=&quot;#准备工作&quot; class=&quot;headerlink&quot; title=&quot;准备工作&quot;&gt;&lt;/a&gt;准备工作&lt;/h1&gt;&lt;blockquote&gt;
&lt;p&gt;&lt;em&gt;参考的文章：&lt;/em&gt;&lt;br&gt;&lt;a href=&quot;https://github.com/0xHJK/XPS13-9360-i5-8250U-macOS&quot; target=&quot;_blank&quot; rel=&quot;noopener&quot;&gt;Hackintosh macOS Mojave 10.14 on XPS13-9360 黑苹果10.14安装配置及教程&lt;/a&gt;.    &lt;strong&gt;主要参考(机型一模一样)&lt;/strong&gt;&lt;/p&gt;
&lt;p&gt;&lt;a href=&quot;https://post.smzdm.com/p/awxl46lm/&quot; target=&quot;_blank&quot; rel=&quot;noopener&quot;&gt;黑苹果从入门到精通 篇七：XPS 9360完美黑果实战&lt;/a&gt;&lt;/p&gt;
&lt;p&gt;&lt;a href=&quot;https://github.com/the-darkvoid/XPS9360-macOS&quot; target=&quot;_blank&quot; rel=&quot;noopener&quot;&gt;macOS Mojave on Dell XPS 9360&lt;/a&gt;&lt;/p&gt;
&lt;p&gt;&lt;a href=&quot;http://www.miui.com/thread-11363672-1-1.html&quot; target=&quot;_blank&quot; rel=&quot;noopener&quot;&gt;【老司机引路】小米笔记本pro Win10+黑苹果macOS 10.13.6双系统&lt;/a&gt;&lt;/p&gt;
&lt;p&gt;&lt;a href=&quot;http://www.miui.com/forum.php?mod=viewthread&amp;tid=7601066&amp;extra=page=1&amp;mobile=2&quot; target=&quot;_blank&quot; rel=&quot;noopener&quot;&gt; 小米笔记本Air 13.3 Win10+黑苹果macOS Sierra10.12.3安装教程    &lt;/a&gt;&lt;/p&gt;
&lt;p&gt;&lt;em&gt;无限网卡选择以及驱动参考(笔记本能更换或扩展网卡)&lt;/em&gt;&lt;br&gt;&lt;a href=&quot;https://post.smzdm.com/p/a83d937n/&quot; target=&quot;_blank&quot; rel=&quot;noopener&quot;&gt;黑苹果从入门到精通 篇五：选择并驱动黑苹果的有线/无线网卡及蓝牙&lt;/a&gt;&lt;br&gt;&lt;a href=&quot;https://www.itpwd.com/330.html&quot; target=&quot;_blank&quot; rel=&quot;noopener&quot;&gt;黑苹果建议的无线网卡&lt;/a&gt;&lt;br&gt;&lt;a href=&quot;https://github.com/ameeno/DELL-DW1820A-Drivers/tree/master/MacOS%20(Hackintosh)&quot; target=&quot;_blank&quot; rel=&quot;noopener&quot;&gt;dw1820a无限网卡驱动_ameeno&lt;/a&gt;&lt;br&gt;&lt;a href=&quot;https://blog.daliansky.net/DW1820A_BCM94350ZAE-driver-inserts-the-correct-posture.html&quot; target=&quot;_blank&quot; rel=&quot;noopener&quot;&gt;dw1820a无限网卡驱动_黑果小兵&lt;/a&gt;&lt;/p&gt;
&lt;/blockquote&gt;
    
    </summary>
    
    
      <category term="学习" scheme="http://yoursite.com/tags/%E5%AD%A6%E4%B9%A0/"/>
    
      <category term="技术" scheme="http://yoursite.com/tags/%E6%8A%80%E6%9C%AF/"/>
    
      <category term="兴趣" scheme="http://yoursite.com/tags/%E5%85%B4%E8%B6%A3/"/>
    
      <category term="黑苹果" scheme="http://yoursite.com/tags/%E9%BB%91%E8%8B%B9%E6%9E%9C/"/>
    
  </entry>
  
  <entry>
    <title>学习andriod开发</title>
    <link href="http://yoursite.com/2018/10/14/%E5%AD%A6%E4%B9%A0andriod%E5%BC%80%E5%8F%91/"/>
    <id>http://yoursite.com/2018/10/14/学习andriod开发/</id>
    <published>2018-10-14T08:39:53.000Z</published>
    <updated>2019-09-29T08:56:03.956Z</updated>
    
    <content type="html"><![CDATA[<h1 id="前言"><a href="#前言" class="headerlink" title="前言"></a>前言</h1><p>突然想重拾下代码，决定从andriod开始，在<strong>laocao</strong>的推荐下找到了<strong>第一行代码</strong>这本书。</p><p>于是就打印了下来（别问为什么不支持正版）</p><h1 id="遇到的小困难"><a href="#遇到的小困难" class="headerlink" title="遇到的小困难"></a>遇到的小困难</h1><p>安装书中的提示下载了andriod stdio的win版安装包（应该是老版本的2.2几），按照提示安装完成后，创建了第一个经典的project—-“hello world”。</p><p>AS还自带了手机模拟器，可以直接将写好的程序在模拟器上运行。</p><p>可是在编译最初的原始生成的helloworld时，却出现了问题，显示<code>error:run time out</code></p><p>因为这段时间也比较忙，我就直接搁置了几天。</p><p>参考了一些博客：<a href="https://blog.csdn.net/ha_cjy/article/details/79693910" target="_blank" rel="noopener">Android Studio导入新项目,gradle报 read timed out的情景之一</a></p><a id="more"></a><p>JDK就是Java Development Kit,网上找一个下好，再改下AS的路径就解决了</p><p>然后又有新的问题<code>error: SSL peer shut down incorrectly</code></p><p>参考:<a href="https://blog.csdn.net/Ceciiiilia/article/details/69938977" target="_blank" rel="noopener">Error:SSL peer shut down incorrectly的解决方法</a></p><p>最后终于运行成功hello world </p><p><img alt data-src="https://i.imgur.com/hZqwPi4.jpg" class="lozad"><br>yeah!!!</p>]]></content>
    
    <summary type="html">
    
      &lt;h1 id=&quot;前言&quot;&gt;&lt;a href=&quot;#前言&quot; class=&quot;headerlink&quot; title=&quot;前言&quot;&gt;&lt;/a&gt;前言&lt;/h1&gt;&lt;p&gt;突然想重拾下代码，决定从andriod开始，在&lt;strong&gt;laocao&lt;/strong&gt;的推荐下找到了&lt;strong&gt;第一行代码&lt;/strong&gt;这本书。&lt;/p&gt;
&lt;p&gt;于是就打印了下来（别问为什么不支持正版）&lt;/p&gt;
&lt;h1 id=&quot;遇到的小困难&quot;&gt;&lt;a href=&quot;#遇到的小困难&quot; class=&quot;headerlink&quot; title=&quot;遇到的小困难&quot;&gt;&lt;/a&gt;遇到的小困难&lt;/h1&gt;&lt;p&gt;安装书中的提示下载了andriod stdio的win版安装包（应该是老版本的2.2几），按照提示安装完成后，创建了第一个经典的project—-“hello world”。&lt;/p&gt;
&lt;p&gt;AS还自带了手机模拟器，可以直接将写好的程序在模拟器上运行。&lt;/p&gt;
&lt;p&gt;可是在编译最初的原始生成的helloworld时，却出现了问题，显示&lt;code&gt;error:run time out&lt;/code&gt;&lt;/p&gt;
&lt;p&gt;因为这段时间也比较忙，我就直接搁置了几天。&lt;/p&gt;
&lt;p&gt;参考了一些博客：&lt;a href=&quot;https://blog.csdn.net/ha_cjy/article/details/79693910&quot; target=&quot;_blank&quot; rel=&quot;noopener&quot;&gt;Android Studio导入新项目,gradle报 read timed out的情景之一&lt;/a&gt;&lt;/p&gt;
    
    </summary>
    
      <category term="技术" scheme="http://yoursite.com/categories/%E6%8A%80%E6%9C%AF/"/>
    
      <category term="学习" scheme="http://yoursite.com/categories/%E6%8A%80%E6%9C%AF/%E5%AD%A6%E4%B9%A0/"/>
    
      <category term="Andriod" scheme="http://yoursite.com/categories/%E6%8A%80%E6%9C%AF/%E5%AD%A6%E4%B9%A0/Andriod/"/>
    
    
      <category term="随笔" scheme="http://yoursite.com/tags/%E9%9A%8F%E7%AC%94/"/>
    
      <category term="学习" scheme="http://yoursite.com/tags/%E5%AD%A6%E4%B9%A0/"/>
    
  </entry>
  
  <entry>
    <title>重拾博客</title>
    <link href="http://yoursite.com/2018/10/03/%E9%87%8D%E6%8B%BE%E5%8D%9A%E5%AE%A2/"/>
    <id>http://yoursite.com/2018/10/03/重拾博客/</id>
    <published>2018-10-03T07:00:18.000Z</published>
    <updated>2019-10-11T09:15:55.799Z</updated>
    
    <content type="html"><![CDATA[<p>打算把这个好久没写的博客开始利用起来。</p><p>有啥想写的就记一记</p>]]></content>
    
    <summary type="html">
    
      
      
        &lt;p&gt;打算把这个好久没写的博客开始利用起来。&lt;/p&gt;
&lt;p&gt;有啥想写的就记一记&lt;/p&gt;

      
    
    </summary>
    
    
      <category term="随笔" scheme="http://yoursite.com/tags/%E9%9A%8F%E7%AC%94/"/>
    
  </entry>
  
  <entry>
    <title>恋爱60天！！</title>
    <link href="http://yoursite.com/2018/04/14/%E6%81%8B%E7%88%B1%E4%BF%A9%E6%9C%88%EF%BC%81%EF%BC%81/"/>
    <id>http://yoursite.com/2018/04/14/恋爱俩月！！/</id>
    <published>2018-04-13T16:48:22.000Z</published>
    <updated>2019-09-25T08:58:50.430Z</updated>
    
    <content type="html"><![CDATA[<hr><h1 id="恋爱60天！！"><a href="#恋爱60天！！" class="headerlink" title="恋爱60天！！"></a>恋爱60天！！</h1><p><img alt data-src="https://i.imgur.com/ekgzRvD.jpg" class="lozad"></p><a id="more"></a><p>今天是<strong>四月十四号</strong>，14号，还有三天就是小仙女的大姨妈了（逃）。</p><p>说起来，我们是在情人节<strong>正式</strong>表白的（我们？），2018年的2月14号，大学第一个蠢蠢欲动的寒假。我，和我的小仙女，终于在一起了。</p><p>我还记得我追你的时候，你问我，为什么要谈恋爱呢？把当时的我问的是一愣一愣的。</p><p>现在我想说，能<strong>依赖</strong>你的感觉真好，或许这就是一个成长的经历吧，我们截然不同，我们也会互相生气，或许换做其他人就不会这样了，<strong>正是因我们为重视彼此</strong>，我们才会那么的在意。但反过来说，正是因为珍重彼此，我们还得变得更成熟才行。</p><p><img alt data-src="https://i.imgur.com/t3zEIBS.jpg" class="lozad"><br>这张是我最最最最最喜欢的照片了。</p><p>寒假那段时间是我最迷茫的时候。我们一开始在寒假里彻夜长谈，我感觉飘忽不定的你和我被串在了一起。那段时间，只要和你聊天就能开心一整天，我在家里和你聊，出去玩和你聊，来客人了也和你聊，BGM这个词就是那时候有的，嘿嘿。可能我们当时过多的聊天让廖baba也是左右为难吧，三天的时间也是没有用完。</p><p><img alt data-src="https://i.imgur.com/0cRgx7u.png" class="lozad"></p><h3 id="说走就走的旅行，成都"><a href="#说走就走的旅行，成都" class="headerlink" title="说走就走的旅行，成都"></a>说走就走的旅行，成都</h3><p>我们渐渐的遇上了许多的问题，有几次吵架真的差点失去你了，现在好想回去打当时自己两耳屎，真的是犟<strong>（认错）</strong>。不过，我们在磨合，在变得越来越好。我们加入了<strong>合唱团</strong>（在一系列迷茫的事之后），去了<strong>成都</strong>（很愧疚的是没怎么好好玩就回来了），以及吃饭、吃饭、吃饭，噗哈哈哈。</p><p>廖baba，我一直都有时刻陪你的冲动，但又想给你私人空间，但是无论如何，前一种显然太自私了，最近我在有意的留给你时间，有时你忙的时候真的好想你，在这里吐槽一下啦，baba我没有冷落你哦，<strong>你永远是我的小仙女</strong>。<br><img alt data-src="https://i.imgur.com/Rw9gqjC.jpg" class="lozad"><br>三月热恋，其实我不是特别在意的，顺其自然就好，热恋终究会过去的，爱是会沉淀下来的。</p><p>PS:其实我今天（18.4.14）说我准备的礼物，不是为了14号准备的啦，早就开始想了，估计今天你就能收到了。</p>]]></content>
    
    <summary type="html">
    
      &lt;hr&gt;
&lt;h1 id=&quot;恋爱60天！！&quot;&gt;&lt;a href=&quot;#恋爱60天！！&quot; class=&quot;headerlink&quot; title=&quot;恋爱60天！！&quot;&gt;&lt;/a&gt;恋爱60天！！&lt;/h1&gt;&lt;p&gt;&lt;img src=&quot;https://i.imgur.com/ekgzRvD.jpg&quot; alt&gt;&lt;/p&gt;
    
    </summary>
    
    
      <category term="恋爱" scheme="http://yoursite.com/tags/%E6%81%8B%E7%88%B1/"/>
    
      <category term="记录" scheme="http://yoursite.com/tags/%E8%AE%B0%E5%BD%95/"/>
    
  </entry>
  
  <entry>
    <title>寒假的手工小心心</title>
    <link href="http://yoursite.com/2018/04/12/%E5%AF%92%E5%81%87%E7%9A%84%E6%89%8B%E5%B7%A5%E5%B0%8F%E5%BF%83%E5%BF%83/"/>
    <id>http://yoursite.com/2018/04/12/寒假的手工小心心/</id>
    <published>2018-04-12T15:22:36.000Z</published>
    <updated>2019-09-25T09:00:44.890Z</updated>
    
    <content type="html"><![CDATA[<hr><h1 id="以后得把之前的坑慢慢填回来了！"><a href="#以后得把之前的坑慢慢填回来了！" class="headerlink" title="以后得把之前的坑慢慢填回来了！"></a>以后得把之前的坑慢慢填回来了！</h1> <a id="more"></a><h2 id="PO一张唯一的优点（媳妇说像金城武）"><a href="#PO一张唯一的优点（媳妇说像金城武）" class="headerlink" title="PO一张唯一的优点（媳妇说像金城武）"></a>PO一张唯一的优点（媳妇说像金城武）</h2><p>ME：<br><img alt data-src="https://i.imgur.com/TI6tqa4.jpg" class="lozad"><br>金城武：<br>（暂缺）</p><p>寒假那段时间，想着情人节一定得给你送点什么。我最初的设想是B格与真心兼备，还能体现出我浓浓的爱意，最好有点实用性。</p><p>之前不是送了一个刻字的本子吗，这次想了好久。现在看来我选了一个可能不是最好的方案，但是确实还挺有意思的。</p><p>话不多说，上图。(以后把图缩小点)<br><img alt data-src="https://i.imgur.com/glIuC2u.jpg" class="lozad"><br><img alt data-src="https://i.imgur.com/Jbq5L8L.jpg" class="lozad"><br><img alt data-src="https://i.imgur.com/AxpnUcV.jpg" class="lozad"><br><img alt data-src="https://i.imgur.com/vbqHHwO.jpg" class="lozad"><br><img alt data-src="https://i.imgur.com/KVpilqF.jpg" class="lozad"></p>]]></content>
    
    <summary type="html">
    
      &lt;hr&gt;
&lt;h1 id=&quot;以后得把之前的坑慢慢填回来了！&quot;&gt;&lt;a href=&quot;#以后得把之前的坑慢慢填回来了！&quot; class=&quot;headerlink&quot; title=&quot;以后得把之前的坑慢慢填回来了！&quot;&gt;&lt;/a&gt;以后得把之前的坑慢慢填回来了！&lt;/h1&gt;
    
    </summary>
    
    
      <category term="恋爱" scheme="http://yoursite.com/tags/%E6%81%8B%E7%88%B1/"/>
    
      <category term="记录" scheme="http://yoursite.com/tags/%E8%AE%B0%E5%BD%95/"/>
    
  </entry>
  
  <entry>
    <title>!QAQ!</title>
    <link href="http://yoursite.com/2018/04/03/QAQ/"/>
    <id>http://yoursite.com/2018/04/03/QAQ/</id>
    <published>2018-04-03T10:17:30.000Z</published>
    <updated>2019-09-25T08:42:10.170Z</updated>
    
    <content type="html"><![CDATA[<iframe frameborder="no" border="0" marginwidth="0" marginheight="0" width="330" height="86" src="//music.163.com/outchain/player?type=2&id=27646198&auto=1&height=66"></iframe><p><img alt data-src="https://i.imgur.com/a7UhWGL.jpg" class="lozad"></p><a id="more"></a><h1 id="我和小仙女的秘密空间建成啦！"><a href="#我和小仙女的秘密空间建成啦！" class="headerlink" title="我和小仙女的秘密空间建成啦！"></a>我和小仙女的秘密空间建成啦！</h1><p>对了，小仙女以后要留言的话就在这里留言吧</p><h2 id="PS-记得把名字打上去哦！"><a href="#PS-记得把名字打上去哦！" class="headerlink" title="PS:记得把名字打上去哦！"></a>PS:记得把名字打上去哦！</h2><p><img alt data-src="https://i.imgur.com/LnWqhNq.jpg" class="lozad"></p>]]></content>
    
    <summary type="html">
    
      &lt;iframe frameborder=&quot;no&quot; border=&quot;0&quot; marginwidth=&quot;0&quot; marginheight=&quot;0&quot; width=&quot;330&quot; height=&quot;86&quot; src=&quot;//music.163.com/outchain/player?type=2&amp;id=27646198&amp;auto=1&amp;height=66&quot;&gt;&lt;/iframe&gt;

&lt;p&gt;&lt;img src=&quot;https://i.imgur.com/a7UhWGL.jpg&quot; alt&gt;&lt;/p&gt;
    
    </summary>
    
    
      <category term="随笔" scheme="http://yoursite.com/tags/%E9%9A%8F%E7%AC%94/"/>
    
  </entry>
  
  <entry>
    <title>随笔180227</title>
    <link href="http://yoursite.com/2018/02/27/18-2-27/"/>
    <id>http://yoursite.com/2018/02/27/18-2-27/</id>
    <published>2018-02-26T16:25:02.000Z</published>
    <updated>2019-09-25T03:40:18.190Z</updated>
    
    <content type="html"><![CDATA[<p><img alt data-src="https://i.imgur.com/NlGLv3w.jpg" class="lozad"></p><a id="more"></a><p>###我害怕<br>我害怕我现在的自己，我害怕这样的廖baba。但是我仍然仍然无法拒绝你，廖baba好的时候能让我觉得这是我最快乐的时候，廖baba冷漠的时候<br>我能伤心到骨子里，辗转反侧。你说叫我不要太敏感，我想了想，我太小心翼翼了，怕一不小心就失去你，<strong>你已经得到我了，我却没有真正的拥有你。</strong></p><p>廖baba至始至终都没怎么改变，变的只是我而已。我原本以为痴心可以感化别人，原来也只是痴心妄想。表白后，我原本以为廖baba已经fall in love了（或许真的有点吧），之后十几天我非常非常的开心，回想我人生短短的18年，极少极少我像那几天那么开心过了，我们可以一直聊天聊到深夜舍不得挂，偶尔开开车，在那几天，我和你聊天时候可以不顾亲友、爸妈、堂兄堂妹、基友、路人的眼光，<strong>满脑子想的都是你</strong>，听听声音我就满足了。我珍惜这个来之不易的爱情，我更珍惜廖baba你。那时候，我是这样想的：<strong>朝闻道，夕死可矣</strong>。</p><p>然后廖baba说，<strong>“给我两天”</strong>，我非常的不舍。我反思自己的行为，认为自己太腻歪了。我愿意等，不管多少天，我等廖baba想我的时候来找我。我不能让自己闲着，空荡荡的家，闲着的话就忍不住找你。于是我开始搭建博客。到这个时候，我是一个认为我们爱情能够长长久久、一往情深，或者说自以为是的少年（上面还写着呢）。</p><p>廖baba再次找我的时候，<strong>You Changed,Then I was Changed too.</strong>如果说我的心在修修补补的话，在您表白后的几天我的心早就被，坏坏的廖baba、温柔的廖baba、调皮的廖baba，傻傻的廖baba,总之是关心我的廖baba给融化了，<strong>我的心早已对您没有防备了</strong>。</p><p><em>廖baba,我很想你哦</em><br><strong>“我这两天真的没怎么想你。”</strong><br><em>没事，廖baba生活充实我很开心</em><br><strong>“我觉得这样不真实，我是真的喜欢你吗？”</strong><br><em>没事啦，日久生情嘛，那么急干什么，慢慢来</em><br><strong>“我对开始你并没有那种强烈的感觉，现在也不是特别强烈”</strong><br><em>感觉是可以慢慢培养的啦，啊，没事没事</em><br><strong>“嗯，拜拜”</strong><br><em>等等，我…</em><br><strong>嘟..嘟..嘟..</strong><br><em>我想听你说你爱我</em></p><p>噗哈哈哈，后面一点是我脑补的。<strong>天下文字八千万，唯有情字最杀人。</strong><br>我发现我有点变了，这也不是说突然就变，相处以来隐隐约约感受到的廖baba的情感。没有那么激情了，对我们的发展甚是担忧，我甚至觉得我也有点冷淡了，我害怕这样的我。</p><p>我在想，廖baba当初分手是是不是也是这样，没有了悸动，<strong>也磨平了激动</strong>。你昨晚说，ex说你是一个温柔的人，我只得苦笑一声，这个男人什么都占尽了还不知好歹，我怎么能不嫉妒啊。我也觉得廖baba是一个温柔的人，但是我的直觉知道，对我的温柔和对ex的温柔是完全不一样的，<strong>完全不同</strong>。你爱的人送你一件小小的东西你都会高兴很久，为了你爱的人廖baba可以不顾一切。哈哈哈哈，廖baba，现在我知道了，我，绝对不是你真正从内心里深爱的那个人。换句话说，就是您对我并没有强烈感觉。</p><p>我从内心深爱着你，但是谁说我爱的人就一定要爱我呢，有的人只要一点感觉就能愉快的生活，有人追求柏拉图的爱情。我的心它需要自我保护，可能现在有点闭塞了，现在我可能会有点冷漠，我觉得这样变化的廖baba让我又爱又恨。<strong>我不想再失望了，没有期望就没有失望</strong>。</p><p>但是每次廖baba来找我，我就忍不住，<strong>我真的忍不住啊</strong>，我真的是想你啊。你今天下午找我的时候我好开心，我真的好开心呢，我又开始觉得我们能行了，原本我是没有心情“开车”的，我也不想再让您看“弟弟”了。但在您面前，我只想让你开心，于是我也开心。今天下午，您找我当bgm,我兴奋啊。但是啊，唉，我的期望值太高了，廖baba只是偶尔不想理我罢了，但是不想理我为什么又要找我当bgm呢？我不喜欢这样的廖baba。我觉得，如果廖baba是真的接纳了我的话，是不会这样的。</p><p><strong>您一直说您是一个惜福的人，大概，我可能不是那个对的人吧</strong>。我多么希望你对我想您以前一样对你的Ex一样对我，像对谢华宁一样的对我有感觉，那样的包容。您对我的好是基于我对你的好，真的有为单纯的为我这个人而包容关心吗？虽然我努力忘掉，但是我仍然记得我们牵手在校外时碰见谢华宁的时候，您的情绪波动是那么的大，我从未见过您为我这样，最多也只是伤感一下。我都知道的，我也无能为力啊，究竟怎样才能让你爱上我。所以我不希望你提起他们，我这是在自讨苦吃。</p><p>廖baba，究竟那一个才是真的你，如果两个都是，那么我知道的廖baba对我究竟是哪一种感觉。</p><p>###我害怕错过<br>###又害怕真的错了</p><p>其实廖baba对我真的是超级超级好了，只是<strong>我不知足</strong>而已，我希望廖baba是真的因为爱我而去对我好。</p><p>以上只是我此时此刻的困惑和感想。还是交给时间，获取以后回头看看我写的，会觉得我太幼稚了呢。</p>]]></content>
    
    <summary type="html">
    
      &lt;p&gt;&lt;img src=&quot;https://i.imgur.com/NlGLv3w.jpg&quot; alt&gt;&lt;/p&gt;
    
    </summary>
    
      <category term="随笔" scheme="http://yoursite.com/categories/%E9%9A%8F%E7%AC%94/"/>
    
      <category term="心情" scheme="http://yoursite.com/categories/%E9%9A%8F%E7%AC%94/%E5%BF%83%E6%83%85/"/>
    
    
      <category term="恋爱" scheme="http://yoursite.com/tags/%E6%81%8B%E7%88%B1/"/>
    
      <category term="记录" scheme="http://yoursite.com/tags/%E8%AE%B0%E5%BD%95/"/>
    
  </entry>
  
  <entry>
    <title>WE WILL BE BETTER TOGETHER</title>
    <link href="http://yoursite.com/2018/02/26/18-2-26/"/>
    <id>http://yoursite.com/2018/02/26/18-2-26/</id>
    <published>2018-02-25T16:24:54.000Z</published>
    <updated>2019-09-25T03:33:46.150Z</updated>
    
    <content type="html"><![CDATA[<p>很早以前就想有这么一个属于自己的，能够记录我和(自称)小仙女之间的点点滴滴。</p><a id="more"></a><p>刚刚搭建好博客的今天，也就是写下这篇文章的时候，距离小仙女在2.14日情人节表白已经过去了12天。说起来，我们真正的谈恋爱也才过去一个多月而已，但我总是感觉我们在一起很久了(可能是我把追你的时间也算上了，我这么无耻的吗，噗哈哈哈)。</p><p>今天恰好是和小仙女约定”两天”的最后一天。”还好不是三天啊”，我心里这么想，从来没有觉得两天有这么长。我到底是什么样的心情呢？一方面心里挂念着你，时不时的就会想到你，就算没事也想知道你在干嘛。另一方面，我也知道情侣之间是要互相尊重对方，每个人需要自己的空间，太黏的话反而适得其反。多少次我拿起手机又放下来，可我真的好想你。</p><p>我喜欢你，你的一言一行，一颦一簇都充满了吸引力。我会不由自主的想着她，想着如何靠近你，想着如何和你聊天，想着如何吸引你的注意。生怕自己说错了什么做错了什么让小仙女不开心，会辗转难眠，会不知不觉在本子上写下你的名字。会想尽一切办法让小仙女开心。我希望我们的爱情能长长久久，we will be better together。</p><p>我爱小仙女。</p><p>还有好多好多要说的，一天说不完，以后慢慢补上吧。</p>]]></content>
    
    <summary type="html">
    
      &lt;p&gt;很早以前就想有这么一个属于自己的，能够记录我和(自称)小仙女之间的点点滴滴。&lt;/p&gt;
    
    </summary>
    
      <category term="随笔" scheme="http://yoursite.com/categories/%E9%9A%8F%E7%AC%94/"/>
    
      <category term="心情" scheme="http://yoursite.com/categories/%E9%9A%8F%E7%AC%94/%E5%BF%83%E6%83%85/"/>
    
    
      <category term="恋爱" scheme="http://yoursite.com/tags/%E6%81%8B%E7%88%B1/"/>
    
      <category term="记录" scheme="http://yoursite.com/tags/%E8%AE%B0%E5%BD%95/"/>
    
  </entry>
  
</feed>
